Purchased_Product_Code,Recommended_Product_Code,Customers_Bought_Both,Confidence,Lift,Recommendation_Score
22916,22917,118,0.9672131147540983,31.08342147012163,0.857050144784764
22917,22916,118,0.9516129032258065,31.08342147012163,0.8492500390206181
22921,22916,103,0.9626168224299065,31.44285276543588,0.8484093884136503
22918,22916,115,0.9504132231404959,31.04423519848259,0.84632192070287
22921,22918,102,0.9532710280373832,31.394917741561752,0.8426276716521923
22916,22918,115,0.9426229508196722,31.04423519848259,0.8424267845424582
22921,22917,102,0.9532710280373832,30.635363280072355,0.8353806721465589
22918,22917,114,0.9421487603305785,30.277925886430285,0.8342267751611703
22918,22920,114,0.9421487603305785,30.035702479338845,0.8319156928090209
22917,22919,116,0.9354838709677419,30.063735691987514,0.8301536479415854
22919,22917,116,0.9354838709677419,30.063735691987514,0.8301536479415854
22916,22919,114,0.9344262295081968,30.02974616604971,0.8279975975039247
22919,22920,116,0.9354838709677419,29.823225806451614,0.82785891450251
22917,22920,116,0.9354838709677419,29.823225806451614,0.82785891450251
22918,22919,113,0.9338842975206612,30.01233004532125,0.8269089964316865
22916,22920,114,0.9344262295081968,29.78950819672131,0.8257054584497436
22920,22917,116,0.928,29.823225806451614,0.8241169790186391
22920,22919,116,0.928,29.823225806451614,0.8241169790186391
22917,22918,114,0.9193548387096774,30.277925886430285,0.8228298143507198
22919,22916,114,0.9193548387096774,30.02974616604971,0.8204619021046651
22921,22919,100,0.9345794392523364,30.034669882423877,0.8190006589672145
22920,22918,114,0.912,30.035702479338845,0.8168413126437317
22919,22918,113,0.9112903225806451,30.01233004532125,0.8156120089616783
22920,22916,114,0.912,29.78950819672131,0.8144923436956453
22916,22921,103,0.8442622950819673,31.44285276543588,0.7892321247396807
22918,22921,102,0.8429752066115702,31.394917741561752,0.7874797609392858
22917,22921,102,0.8225806451612904,30.635363280072355,0.7700354807085125
21086,21094,147,0.91875,21.53658088235294,0.7606235534092198
23172,23171,138,0.9387755102040817,21.016968585186884,0.7598154335666432
22919,22921,100,0.8064516129032258,30.034669882423877,0.7549367457926592
22698,22697,274,0.9319727891156463,10.287843669323685,0.7426455639461623
21094,21086,147,0.8647058823529412,21.53658088235294,0.7336014945856905
22747,22746,101,0.9017857142857143,21.779491341991342,0.72449162144424
22302,22303,100,0.847457627118644,24.29581758322156,0.7206846801783011
22747,22748,106,0.9464285714285714,18.21989302967564,0.7161078279084784
23171,23170,159,0.8932584269662921,17.031745605074995,0.7127141870036224
23174,23175,154,0.8700564971751412,18.248290217068092,0.7094630900321881
23172,23170,134,0.9115646258503401,17.380789636428734,0.7089109121346192
22697,22699,307,0.850415512465374,8.472264542936289,0.7060426404539708
22746,22748,147,0.8909090909090909,17.151075977162932,0.7048604746791285
21239,21240,103,0.8174603174603174,23.777951569922372,0.7026994014832526
21124,21122,143,0.8719512195121951,17.54911924119241,0.696573453938581
22698,22699,259,0.8809523809523809,8.776488095238095,0.6929433495070335
22746,22745,142,0.8606060606060606,17.497526283240568,0.6897571541359802
21901,21899,102,0.796875,23.17917427007299,0.6860422714814395
47590A,47590B,178,0.8436018957345972,15.42088786468977,0.6848943861541994
22747,22745,100,0.8928571428571429,18.153243440233236,0.6847774071701807
22745,22748,165,0.8418367346938775,16.20637385388938,0.6830371655566692
23175,23174,154,0.8105263157894737,18.248290217068092,0.6796979993393543
23171,23172,138,0.7752808988764045,21.016968585186884,0.6780681279028047
21899,21900,110,0.8029197080291971,21.189636003287088,0.6752939305178005
82578,82580,109,0.8582677165354331,18.0962796317127,0.6728023877158298
23254,23256,149,0.8324022346368715,16.668959321748407,0.6723100457569137
47590B,47590A,178,0.8165137614678899,15.42088786468977,0.6713503190208459
21240,21239,103,0.7518248175182481,23.777951569922372,0.6698816515122181
21901,21900,102,0.796875,21.03011175496689,0.6655378102818963
22699,22697,307,0.7675,8.472264542936289,0.6645848842212839
84997C,84997D,156,0.8342245989304813,15.110841030627126,0.6629152964551274
22748,22745,165,0.7971014492753623,16.20637385388938,0.6606695228474115
21899,21901,102,0.7445255474452555,23.17917427007299,0.6598675452040672
23174,23173,149,0.8418079096045198,14.843382830858458,0.6595948406937516
21669,21668,123,0.7834394904458599,19.512539808917197,0.6580215027323011
22303,22302,100,0.7194244604316546,24.29581758322156,0.6566680968348064
22697,22698,274,0.7590027700831025,10.287843669323685,0.6561605544298904
22963,22962,123,0.7935483870967742,18.601707779886148,0.6543855942778642
21668,21669,123,0.76875,19.512539808917197,0.650676757509371
22726,22727,226,0.8188405797101449,9.541168743113824,0.6476849866103829
84997A,84997B,105,0.813953488372093,18.02002583979328,0.6473118639389142
82581,82580,125,0.8064516129032258,17.003754906980713,0.64689388025707
23170,23171,159,0.7607655502392344,17.031745605074995,0.6464677486400936
22579,22578,111,0.7985611510791367,17.978905011583954,0.6431321513653001
23175,23173,154,0.8105263157894737,14.291802515137402,0.6419486793449555
22804,85123A,212,0.9137931034482759,4.6625678837917786,0.6394934159443536
21900,21899,110,0.7284768211920529,21.189636003287088,0.6380724870992285
22569,22570,150,0.78125,15.488961442786069,0.6361268940511384
21672,21668,115,0.756578947368421,18.843544407894736,0.6329965400762152
23256,23254,149,0.7487437185929648,16.668959321748407,0.6304807877349604
21671,21668,116,0.7483870967741936,18.63951612903226,0.62760542248873
21500,21499,112,0.7466666666666667,18.832067510548523,0.6259764998878463
21242,21238,100,0.7299270072992701,20.34097289571742,0.6241857264703812
20675,20676,102,0.7555555555555555,18.818055555555556,0.623772596621795
22630,22629,205,0.7735849056603774,10.630123617436565,0.6217662158703532
21122,21124,143,0.7222222222222222,17.54911924119241,0.6217089552935946
22745,22746,142,0.7244897959183674,17.497526283240568,0.6216990217921335
22962,22963,123,0.7235294117647059,18.601707779886148,0.61937610661183
23170,22699,177,0.84688995215311,8.43714114832536,0.6192541900641706
22570,22569,150,0.746268656716418,15.488961442786069,0.6186362224093473
21670,21671,108,0.7346938775510204,18.888742593811717,0.6179249858517077
22845,22844,109,0.7465753424657534,18.140870364183094,0.6173816461658801
21733,85123A,265,0.8103975535168195,4.134999040671608,0.6172897311610416
21668,21671,116,0.725,18.63951612903226,0.6159118741016332
22725,22727,128,0.8707482993197279,10.14599992043601,0.6155659644457063
84596F,84596B,100,0.7352941176470589,19.15128796616686,0.6155183561564489
22748,22746,147,0.7101449275362319,17.151075977162932,0.614478392992699
21668,21672,115,0.71875,18.843544407894736,0.6140820663920047
22570,22568,154,0.7661691542288557,13.509664069035354,0.6123076225742825
22729,22727,150,0.8379888268156425,9.764285014211506,0.6098764884055099
21914,21915,172,0.8037383177570093,9.977872885550411,0.6091213487310426
21238,21242,100,0.6993006993006993,20.34097289571742,0.6088725724710958
23171,22697,150,0.8426966292134831,9.302343677051885,0.6078229523346089
23300,23301,209,0.7572463768115942,9.702980101589077,0.6073568280214333
23200,23199,184,0.7863247863247863,9.884871525250075,0.6073448355454972
21499,21500,112,0.7088607594936709,18.832067510548523,0.6070735463013484
22386,85099B,264,0.7674418604651163,5.374790534188907,0.6069894170145632
21672,21671,109,0.7171052631578947,18.436544991511035,0.6054676733171831
21900,21901,102,0.6754966887417219,21.03011175496689,0.6048486546527572
22697,22423,279,0.7728531855955678,3.806946779478786,0.604508082710111
22730,22727,165,0.812807881773399,9.470875464523377,0.6042585474251502
22578,22577,134,0.7570621468926554,14.50429161234246,0.6042146626987129
22728,22727,198,0.7764705882352941,9.047471620227038,0.6035485255272317
22698,22423,240,0.8163265306122449,4.021089276254383,0.6028807481398102
21933,21932,136,0.7472527472527473,14.741595038624741,0.6028770347046114
22699,22423,298,0.745,3.6697466007416564,0.6016502968427555
84997D,84997C,156,0.7090909090909091,15.110841030627126,0.6003484515353413
22617,22138,199,0.8089430894308943,6.829741973267191,0.5992766194469858
21671,21670,108,0.6967741935483871,18.888742593811717,0.5989651438503911
21671,21672,109,0.7032258064516129,18.436544991511035,0.5985279449640423
82494L,82482,252,0.7220630372492837,7.673123209169055,0.5984110813884611
23172,22698,121,0.8231292517006803,11.157041047711601,0.5968426437611998
23172,22697,125,0.8503401360544217,9.386718676390224,0.5961630927134258
22750,22749,151,0.7512437810945274,12.793617383169622,0.5960586519720894
23295,23293,160,0.7655502392344498,11.340958005015919,0.5952150772280046
22725,22726,119,0.8095238095238095,11.688233264320221,0.5938051592283163
21094,21080,143,0.8411764705882353,8.317836812144213,0.593109315279214
84997A,84997D,101,0.7829457364341085,14.18199436222692,0.5925830097165381
23172,22699,126,0.8571428571428571,8.539285714285715,0.5921304603179622
23173,22423,192,0.8495575221238938,4.184779636172703,0.5897876747929202
21670,21668,104,0.7074829931972789,17.62074829931973,0.5896155960249443
22629,22630,205,0.7068965517241379,10.630123617436565,0.5884220389022334
21670,21669,103,0.7006802721088435,17.784782702890073,0.5871278414475813
85014A,85014B,120,0.7361963190184049,14.74242377531831,0.5869332748941253
22432,22431,108,0.6967741935483871,17.573703552470395,0.5864181998645683
22579,22577,105,0.7553956834532374,14.47236441615938,0.5841843016574959
21558,21559,113,0.7533333333333333,13.962945736434108,0.5835044287367657
23171,22699,146,0.8202247191011236,8.171488764044943,0.5831915127871572
22431,22432,108,0.6835443037974683,17.573703552470395,0.579803254989109
22746,22747,101,0.6121212121212121,21.779491341991342,0.5796593703619888
23243,22720,194,0.8016528925619835,5.369053406486562,0.5784375885816663
85099F,85099B,223,0.7636986301369864,5.348574764667646,0.578157576353895
23173,23175,154,0.6814159292035398,14.291802515137402,0.5773934860519885
23294,23293,137,0.7611111111111111,11.275196199917389,0.5773843586030495
21136,84879,179,0.817351598173516,5.455856145262079,0.5773431496771124
22844,22845,109,0.6646341463414634,18.140870364183094,0.576411048103735
22751,22750,106,0.7361111111111112,14.594043670536207,0.5763544375305724
22699,22698,259,0.6475,8.776488095238095,0.5762171590308429
22662,22382,211,0.7455830388692579,6.767991822081989,0.5748250182018603
84596B,84596F,100,0.6535947712418301,19.15128796616686,0.5746686829538344
82580,82581,125,0.6613756613756614,17.003754906980713,0.5743559044932878
23170,23172,134,0.6411483253588517,17.380789636428734,0.573702761888875
82482,82494L,252,0.672,7.673123209169055,0.5733795627638193
23294,23295,129,0.7166666666666667,13.664673046251993,0.5727486929400631
22751,22749,109,0.7569444444444444,12.890699192782526,0.5724736892275869
21671,21669,105,0.6774193548387096,17.194370248613108,0.5711671189220372
22384,20725,281,0.6738609112709832,5.359951559710316,0.5711322805629028
22568,22570,154,0.6814159292035398,13.509664069035354,0.5699310100616246
84997B,84997C,125,0.6944444444444444,14.798722519310754,0.5698518196134728
22727,22726,226,0.6608187134502924,9.541168743113824,0.5686740534804566
23173,23174,149,0.6592920353982301,14.843382830858458,0.5683369035906068
21669,21671,105,0.6687898089171974,17.194370248613108,0.5668523459612811
23296,23293,145,0.7360406091370558,10.903798614911404,0.5665172854447584
84997B,84997D,129,0.7166666666666667,12.981439393939393,0.5662298793571208
22569,22568,137,0.7135416666666666,12.581697087020649,0.5660651168210066
21932,21933,136,0.6732673267326733,14.741595038624741,0.5658843244445744
21669,21670,103,0.6560509554140127,17.784782702890073,0.5648131831001659
23301,23300,209,0.6720257234726688,9.702980101589077,0.5647465013519706
20676,20675,102,0.6375,18.818055555555556,0.5647448188440172
21231,21232,147,0.7424242424242424,10.029019003595275,0.5626656573122797
21928,21929,169,0.7130801687763713,10.005719973851548,0.5621035692299294
21668,21670,104,0.65,17.62074829931973,0.5608740994263048
20728,20725,289,0.6465324384787472,5.142578377919776,0.5606057871558245
22729,22726,133,0.7430167597765364,10.727977491701077,0.5605102409283218
21086,21080,128,0.8,7.910669975186104,0.5588642657692932
23175,22423,158,0.8315789473684211,4.096220154837031,0.557803593731447
23174,22423,149,0.8418079096045198,4.146606328521646,0.5575356231462705
22578,22579,111,0.6271186440677966,17.978905011583954,0.55741089785963
22725,22728,110,0.7482993197278912,11.694010937708416,0.5573848476172988
20726,22382,234,0.6902654867256637,6.265849577680569,0.557358956575305
85099C,85099B,207,0.7446043165467626,5.2148474541983285,0.5569110586070372
84997C,84997B,125,0.6684491978609626,14.798722519310754,0.5568541963217318
20727,20725,275,0.6547619047619048,5.20803630833571,0.5562245410284934
23199,85099B,228,0.7192429022082019,5.03722841001702,0.5562164487591443
23175,22699,147,0.7736842105263158,7.707828947368421,0.5561488908104041
22470,22469,281,0.6474654377880185,5.119344780923122,0.5556388859123038
22356,20724,149,0.7339901477832512,9.59000242267625,0.5555628321454393
22385,85099B,163,0.7912621359223301,5.541616189192418,0.5546932125675532
23174,23170,123,0.6949152542372882,13.249939177682265,0.5540071667428822
22383,20728,266,0.6487804878048781,5.783870791728051,0.552864745699119
23173,22699,168,0.7433628318584071,7.40575221238938,0.5517868331592117
21977,21212,257,0.6798941798941799,4.5999631695726775,0.5512625960509019
22383,20725,268,0.6536585365853659,5.1992600165522616,0.5510288607096019
23174,22699,137,0.7740112994350282,7.711087570621469,0.5498288681965446
22384,20728,267,0.6402877697841727,5.708158305570309,0.5485474706464374
22577,22578,134,0.6442307692307693,14.50429161234246,0.5477989738677699
21756,21754,116,0.7682119205298014,9.111084831283506,0.5466059374515403
21124,21121,114,0.6951219512195121,13.00498110614909,0.545910148940565
23170,22423,167,0.7990430622009569,3.9359537736351218,0.5458697227150446
20723,20724,154,0.7129629629629629,9.315270188221008,0.5456853157828775
20726,20725,232,0.6843657817109144,5.443508263708571,0.545260116134903
22722,22720,249,0.6784741144414169,4.544066127813523,0.5448075166128671
22631,22629,115,0.7419354838709677,10.195216907675194,0.5431600864789065
22749,22750,151,0.6452991452991453,12.793617383169622,0.5430863340743984
22910,22086,228,0.672566371681416,6.009365451009961,0.5421534586901979
22382,20725,276,0.6287015945330297,5.000750208012222,0.5418681103614373
22193,22191,132,0.676923076923077,12.151074151074152,0.5403898682820918
23294,23296,120,0.6666666666666666,13.485617597292725,0.5401771114111609
23202,23203,217,0.6802507836990596,6.1330302557483085,0.5400094415388961
22383,22382,259,0.6317073170731707,5.734290793932996,0.5392948510878606
21930,85099B,147,0.7777777777777778,5.447178285491115,0.536626537449026
23171,22423,144,0.8089887640449438,3.9849446535464783,0.5363262880972403
82486,82483,142,0.6574074074074074,12.01728678219504,0.5358702102972619
22192,22193,109,0.6687116564417178,13.665722825232027,0.535751887932851
84991,21212,250,0.6596306068601583,4.462865820607353,0.5352624868262237
21755,21754,206,0.653968253968254,7.75614134542706,0.5351883489552173
23170,23173,139,0.6650717703349283,11.72703984418004,0.5349787137912941
22271,22273,102,0.6538461538461539,14.804414335664335,0.5346232672564462
22384,20727,258,0.6187050359712231,5.870332305584104,0.5334402329907275
82483,82486,142,0.6513761467889908,12.01728678219504,0.5328545799880536
82580,82578,109,0.5767195767195767,18.0962796317127,0.5320283178079016
84997B,84997A,105,0.5833333333333334,18.02002583979328,0.5320017864195343
23171,22698,127,0.7134831460674157,9.67085148666208,0.5317484742712142
20727,22384,258,0.6142857142857143,5.870332305584104,0.5312305721479732
23175,23170,125,0.6578947368421053,12.544069503903298,0.5300650530838953
23208,23209,193,0.6843971631205674,6.462849988235689,0.5295943014134528
23174,23171,113,0.6384180790960452,14.29267441122326,0.5291927821426842
23172,22423,121,0.8231292517006803,4.054598353556503,0.5290773928107907
23171,23174,113,0.6348314606741573,14.29267441122326,0.5273994729317402
20728,22384,267,0.5973154362416108,5.708158305570309,0.5270613038751564
22141,22144,108,0.6666666666666666,12.896440129449838,0.5267381095005788
22662,20725,196,0.6925795053003534,5.5088409752932295,0.5265375563759388
20728,22383,266,0.5950782997762863,5.783870791728051,0.5260136516848232
20725,20728,289,0.5768463073852296,5.142578377919776,0.5257627216090658
23174,22697,129,0.7288135593220338,8.045213390300015,0.5252062059629041
23170,22697,148,0.7081339712918661,7.816935943485003,0.525066239825133
22627,22624,119,0.7300613496932515,8.632921301268864,0.5249228342850764
23200,23203,166,0.7094017094017094,6.395850253316317,0.5238677455628188
22625,22624,174,0.6692307692307692,7.9136041999543485,0.5234750728824682
23295,23294,129,0.6172248803827751,13.664673046251993,0.5230277997981173
23296,23295,127,0.6446700507614214,12.291914604230929,0.5223498017349122
21931,85099B,205,0.68561872909699,4.801741011338321,0.5221738355542052
21928,85099B,171,0.7215189873417721,5.0531690062512515,0.520373031962965
85014B,85014A,120,0.6030150753768844,14.74242377531831,0.520342653073365
23203,85099B,269,0.6085972850678733,4.262320177496441,0.520210246246677
22728,22726,165,0.6470588235294118,9.342497868712702,0.5201591523843255
20719,20724,149,0.6772727272727272,8.848956780923993,0.520133717236244
21166,21175,170,0.6513409961685823,8.76889820855338,0.5200847850770044
22192,22191,109,0.6687116564417178,12.0036754545957,0.5198940961825106
22142,22144,106,0.6583850931677019,12.736235904239281,0.5197658635776347
22730,22728,135,0.6650246305418719,10.392639814546508,0.519617611223467
22382,22383,259,0.5899772209567198,5.734290793932996,0.518429803029635
20713,85099B,137,0.7569060773480663,5.301003019739972,0.5182813536480214
23322,23321,171,0.6428571428571429,8.926082628173221,0.5179940394721965
21122,21121,127,0.6414141414141414,12.000165979039219,0.517938238709624
23200,85099B,168,0.717948717948718,5.028164571222567,0.5163949295821126
23171,23173,117,0.6573033707865169,11.590061648602964,0.5154553411953937
23245,22423,258,0.6339066339066339,3.1225190804918865,0.5148238189823305
21754,21755,206,0.6130952380952381,7.75614134542706,0.5147518410187093
20725,22384,281,0.5608782435129741,5.359951559710316,0.5146409466838981
21975,21212,186,0.6966292134831461,4.713187463039621,0.5144563276420421
22568,22569,137,0.6061946902654868,12.581697087020649,0.5123916286204167
23296,23294,120,0.6091370558375635,13.485617597292725,0.5114123059966094
22469,22470,281,0.5575396825396826,5.119344780923122,0.5106760082881359
22383,20727,244,0.5951219512195122,5.6465737514518,0.5103932624495233
23173,23170,139,0.6150442477876106,11.72703984418004,0.5099649525176353
23293,23295,160,0.5947955390334573,11.340958005015919,0.5098377271275084
23343,23344,129,0.6615384615384615,9.948040638606676,0.5097237582876181
22328,22326,136,0.6445497630331753,10.356979055190338,0.5096913997184424
22631,22630,106,0.6838709677419355,10.283870967741935,0.5091104951690945
23206,20725,230,0.6233062330623306,4.957835007491791,0.5087935438808264
21929,85099B,192,0.676056338028169,4.734770662640164,0.5082846125786616
22730,22726,134,0.6600985221674877,9.530770329121154,0.5082798919135219
23199,23203,203,0.6403785488958991,5.7735486817876875,0.507522946488463
85150,21181,120,0.7017543859649122,8.200854041261511,0.5072984130743182
20712,85099B,158,0.7117117117117117,4.984483604870248,0.50634500318506
22899,22367,104,0.6666666666666666,10.887978142076502,0.504969271475707
22727,22728,198,0.5789473684210527,9.047471620227038,0.504786915620111
23199,23200,184,0.580441640378549,9.884871525250075,0.5044032625723786
84380,84378,177,0.6321428571428571,7.610541648683642,0.5039939583659002
23295,23296,127,0.6076555023923444,12.291914604230929,0.5038425275503737
20971,20972,148,0.6324786324786325,9.511046605386229,0.5034022818464134
20727,22383,244,0.580952380952381,5.6465737514518,0.5033084773159577
20725,20727,275,0.5489021956087824,5.20803630833571,0.5032946864519322
21929,21928,169,0.5950704225352113,10.005719973851548,0.5030986961093494
20725,22382,276,0.5508982035928144,5.000750208012222,0.5029664148913298
23175,22697,131,0.6894736842105263,7.610949117947222,0.5026958329023706
22352,21559,110,0.6358381502890174,11.785186180938299,0.502024176743562
21213,21212,182,0.6791044776119403,4.5946202772217015,0.5019568328846259
23206,23209,223,0.6043360433604336,5.706822589552909,0.5018943680950863
23209,23203,246,0.5829383886255924,5.255677553558791,0.5018748256070956
21936,20725,150,0.7009345794392523,5.575298002126588,0.5013817411368322
84997D,84997B,129,0.5863636363636363,12.981439393939393,0.5010783642056056
23170,23174,123,0.5885167464114832,13.249939177682265,0.5008079128299797
22729,22728,117,0.6536312849162011,10.214590864278673,0.5004957678231093
23170,23175,125,0.5980861244019139,12.544069503903298,0.5001607468637996
22382,20728,252,0.5740318906605922,5.117487884300806,0.5000118873336202
22355,20724,150,0.6437768240343348,8.411313586153522,0.4998616256133365
23171,23175,109,0.6123595505617978,12.84343583678297,0.49973029698223403
23208,23206,179,0.6347517730496454,6.854975110034788,0.49939239765614485
22191,22193,132,0.5945945945945946,12.151074151074152,0.4992256271178507
21499,21498,100,0.6329113924050633,12.303179993825255,0.49898838043222615
22748,22747,106,0.5120772946859904,18.21989302967564,0.49893218953718793
23207,20728,210,0.6176470588235294,5.506316620607975,0.49816776914170974
22273,22271,102,0.5795454545454546,14.804414335664335,0.4974729176060965
22663,85099B,116,0.7435897435897436,5.20774187733766,0.4970525893519718
22804,21733,150,0.646551724137931,7.879231255931667,0.49617241483358226
23209,20725,246,0.5829383886255924,4.636745466413145,0.49596952090943136
22726,22728,165,0.5978260869565217,9.342497868712702,0.4955427840978805
21121,21122,127,0.596244131455399,12.000165979039219,0.49535323373025275
20728,22382,252,0.5637583892617449,5.117487884300806,0.4948751366341966
23207,23206,204,0.6,6.479674796747967,0.49472237113187356
21930,20727,131,0.6931216931216931,6.576404635928445,0.4946491253420645
20726,20728,208,0.6135693215339233,5.46996363828341,0.49447912077037615
23321,23322,171,0.5958188153310104,8.926082628173221,0.4944748757091303
23207,22382,208,0.611764705882353,5.553262762963955,0.4943715798059375
22745,22747,100,0.5102040816326531,18.153243440233236,0.49345087655793574
22835,22112,155,0.625,8.274501661129568,0.4924252037288395
20725,22383,268,0.5349301397205589,5.1992600165522616,0.4916646622771984
21976,21212,120,0.7317073170731707,4.950515549298108,0.4912630122795735
20727,20728,240,0.5714285714285714,5.094279322467242,0.4906712024907413
21756,21755,103,0.6821192052980133,8.629349311468516,0.4904942285389683
23203,23209,246,0.5565610859728507,5.255677553558791,0.48868617428072475
22866,22865,143,0.6111111111111112,9.402616902616902,0.4884266514749422
85152,21166,151,0.604,9.221992337164751,0.48835946183007295
47566B,47566,136,0.7195767195767195,4.1861506970996025,0.48832827028424197
23207,20725,208,0.611764705882353,4.8660326406011505,0.4878146354266578
22661,20724,103,0.673202614379085,8.79577842065788,0.48762385301569056
22950,22952,100,0.6451612903225806,10.408776283139611,0.48703859814934536
23322,22470,170,0.6390977443609023,5.868213159627179,0.4862873779337963
23201,23203,210,0.5932203389830508,5.348377943093795,0.48444749750427607
22666,22720,246,0.5747663551401869,3.8494855886279744,0.48437216398721494
20723,22355,130,0.6018518518518519,10.29347480527738,0.48382774773394943
84992,21212,183,0.6443661971830986,4.3595913340825945,0.4829967193528267
22411,85099B,202,0.6196319018404908,4.339601280903964,0.4828166943681539
23308,23307,119,0.6574585635359116,8.012147937891767,0.4826985686731022
22551,22554,173,0.5884353741496599,7.895336585812776,0.482251616063459
23204,20724,118,0.6483516483516484,8.471086290758421,0.4818724307222457
20713,21931,117,0.6464088397790055,8.615181359596445,0.48162438883727565
21175,21166,170,0.5743243243243243,8.76889820855338,0.48157644915487535
21928,22411,148,0.6244725738396625,7.633506769175015,0.4814854215184858
23200,23202,146,0.6239316239316239,7.794255552876242,0.48144573824310877
20727,22382,235,0.5595238095238095,5.0790487037639656,0.48131617540260907
22951,21212,143,0.6875,4.651421901528013,0.4812893790118954
23236,23240,116,0.6338797814207651,9.286804885888781,0.48111643384906366
21175,21181,177,0.597972972972973,6.988041927558057,0.4809696723629355
22193,22192,109,0.558974358974359,13.665722825232027,0.4808832391991716
23202,85099B,198,0.6206896551724138,4.347009272165323,0.48081038836812395
20711,85099B,101,0.7318840579710145,5.125760933241639,0.48064556962839994
23175,23171,109,0.5736842105263158,12.84343583678297,0.48039262696449303
85152,21181,155,0.62,7.245454545454545,0.4801069427394338
21535,21533,110,0.5851063829787234,12.144004875886525,0.4800818249570882
23208,20725,178,0.6312056737588653,5.020667884089976,0.4794665386835889
22554,22551,173,0.5824915824915825,7.895336585812776,0.47927972023442034
22417,21212,160,0.6639004149377593,4.491754080690952,0.4790410953681406
22382,20726,234,0.5330296127562643,6.265849577680569,0.47874101959060533
23298,47566,282,0.5300751879699248,3.0837220789199273,0.4781731083581483
23201,85099B,212,0.5988700564971752,4.194195386891463,0.4775630947385746
23204,22355,111,0.6098901098901099,10.430953167004668,0.47678072399966354
23206,20728,213,0.5772357723577236,5.146050453793128,0.47647918093293884
23318,23319,101,0.5906432748538012,12.07032538611486,0.47628409393229243
23173,22697,143,0.6327433628318584,6.984715514916775,0.47617329245996715
21166,85152,151,0.578544061302682,9.221992337164751,0.4756314924814139
21210,21212,144,0.676056338028169,4.5739974652669835,0.47548029806398984
22384,22382,231,0.5539568345323741,5.02851477360253,0.4754446744733957
23207,20727,199,0.5852941176470589,5.5533263305322125,0.4752737000116134
21915,21914,172,0.5358255451713395,9.977872885550411,0.4751649624382077
23306,23307,112,0.6511627906976745,7.935424223028234,0.47425839157386956
21533,21535,110,0.5729166666666666,12.144004875886525,0.4739869668010598
23204,20719,109,0.5989010989010989,10.848276723276724,0.473965020621831
21930,22386,122,0.6455026455026455,7.47769779746524,0.4735757546601165
20728,20727,240,0.5369127516778524,5.094279322467242,0.4734132926153818
22383,22384,226,0.551219512195122,5.267649295197988,0.4731002952425901
23207,23209,198,0.5823529411764706,5.49923334262615,0.4726355383434837
22662,22383,172,0.607773851590106,5.9072653624062745,0.4723009648584982
22750,22751,106,0.527363184079602,14.594043670536207,0.47198047401481785
23204,20723,108,0.5934065934065934,10.947802197802197,0.47151588647271897
20726,20727,197,0.5811209439528023,5.513730861075993,0.4715063964823688
23206,23207,204,0.5528455284552846,6.479674796747967,0.47114513535951585
23208,23207,167,0.5921985815602837,6.940915727993325,0.47111818199797173
23199,23206,184,0.580441640378549,6.268455113573218,0.4698986032274835
21559,21558,113,0.5255813953488372,13.962945736434108,0.4696284597445177
22382,20727,235,0.5353075170842825,5.0790487037639656,0.46920802918284554
21791,21790,159,0.6045627376425855,6.600500026043023,0.4688405869322724
23170,22698,128,0.6124401913875598,8.301272662174918,0.46881114818216674
22384,22383,226,0.5419664268585132,5.267649295197988,0.4684737525742857
23293,23296,145,0.5390334572490706,10.903798614911404,0.46801370950076576
20726,22383,195,0.5752212389380531,5.5908698467515645,0.4679896046209336
21166,21181,156,0.5977011494252874,6.9848653385917014,0.46712267061678625
20723,20719,124,0.5740740740740741,10.398569023569024,0.4670327804999384
21156,22367,105,0.6069364161849711,9.91246564957832,0.4664481312539611
20972,20971,148,0.5584905660377358,9.511046605386229,0.4664082486259652
22356,22355,119,0.5862068965517241,10.025899067633565,0.46628617435045416
85099F,22386,170,0.5821917808219178,6.744285600509716,0.4661931075772097
21121,21124,114,0.5352112676056338,13.00498110614909,0.46595480713362575
20719,22355,127,0.5772727272727273,9.873097932110808,0.4655729222776445
23208,22383,169,0.599290780141844,5.824814046012801,0.46531835391864185
23206,22383,206,0.5582655826558266,5.426069138740168,0.4651055170915577
23321,22469,175,0.6097560975609756,4.82118660472319,0.46488407856538094
84970L,84970S,128,0.5871559633027523,9.175751034358697,0.4645125363535163
23209,23206,223,0.5284360189573459,5.706822589552909,0.46394435589354244
23204,23205,102,0.5604395604395604,12.204107368041795,0.46311013233311704
23207,22383,193,0.5676470588235294,5.517252510760402,0.4621971912042725
22355,20723,130,0.5579399141630901,10.29347480527738,0.46187177888956854
20719,20723,124,0.5636363636363636,10.398569023569024,0.46181392528108317
22326,22328,136,0.5483870967741935,10.356979055190338,0.46161006658895143
23205,23204,102,0.5573770491803278,12.204107368041795,0.46157887670350073
22382,22384,231,0.5261958997722096,5.02851477360253,0.46156420709331347
22086,22910,228,0.5112107623318386,6.009365451009961,0.46147565401540924
23207,22384,193,0.5676470588235294,5.424636761179292,0.46131353331605196
21169,21181,102,0.6455696202531646,7.544266676565574,0.46121506767179554
22694,22470,106,0.6666666666666666,6.121351766513057,0.46079325358407963
21930,21931,116,0.6137566137566137,8.180000353913398,0.46049469626536604
82600,21181,128,0.6153846153846154,7.191518159260094,0.4596950604052867
22865,22866,143,0.5521235521235521,9.402616902616902,0.45893287198116267
22577,22579,105,0.5048076923076923,14.47236441615938,0.45889030608472337
23174,22698,109,0.615819209039548,8.347073292593874,0.4585597961104921
22663,23203,104,0.6666666666666666,6.010558069381599,0.45843322613897636
21929,22411,162,0.5704225352112676,6.972803076125464,0.4572770708164253
22980,22979,105,0.5675675675675675,10.979401731828917,0.45694347107362854
22867,22865,137,0.5684647302904564,8.746455406206444,0.4569341513545041
20726,23206,188,0.5545722713864307,5.989079949796548,0.45690423023978716
22662,20728,168,0.5936395759717314,5.292290179524272,0.45676041245392357
23199,23202,175,0.5520504731861199,6.896304500459836,0.4558302131645286
23175,22698,115,0.6052631578947368,8.203992123165056,0.45582541086188255
85152,21175,144,0.576,7.754594594594595,0.45579858475850377
22144,22141,108,0.5242718446601942,12.896440129449838,0.4555406984973424
84378,84380,177,0.5347432024169184,7.610541648683642,0.4552941310029309
85099B,22386,264,0.46397188049209137,5.374790534188907,0.45525442702805075
20726,22384,190,0.56047197640118,5.3560691269992855,0.45511738275333774
22556,22554,145,0.5731225296442688,7.689876365765694,0.4543938310558232
23307,21212,191,0.5840978593272171,3.9518335643785405,0.4541838114044804
23202,23199,175,0.54858934169279,6.896304500459836,0.4540996474178636
23208,20727,165,0.5851063829787234,5.551545086119554,0.45301300047898224
20725,85099B,254,0.5069860279441117,3.550684220311574,0.4528428273604502
85099B,23203,269,0.4727592267135325,4.262320177496441,0.4522912170695067
22556,22551,144,0.5691699604743083,7.7147697023473425,0.4520035909594818
22728,22730,135,0.5294117647058824,10.392639814546508,0.4518111783054721
23293,23294,137,0.5092936802973977,11.275196199917389,0.4514756431961929
23200,23201,139,0.594017094017094,6.686887343667005,0.4513626808363357
84992,84991,163,0.573943661971831,6.034737448437326,0.4507389042092163
23204,23199,111,0.6098901098901099,7.666915103823621,0.450408707912566
22951,22417,118,0.5673076923076923,9.380585700606447,0.450028094801952
20725,23209,246,0.49101796407185627,4.636745466413145,0.4500093086325633
22355,20719,127,0.5450643776824035,9.873097932110808,0.4494687474824826
23199,23201,175,0.5520504731861199,6.214466484877649,0.4493247155177148
22667,22666,129,0.6201923076923077,5.774454079798706,0.44922999534146
20713,23201,112,0.6187845303867403,6.965695914099323,0.448816968223223
23206,22384,199,0.5392953929539296,5.153698179667648,0.4484614379210675
22144,22142,106,0.5145631067961165,12.736235904239281,0.447854870391842
22385,21931,121,0.587378640776699,7.828441081923564,0.44720876991529596
23208,20728,164,0.5815602836879432,5.184603423929427,0.4470874509697684
22624,22625,174,0.516320474777448,7.9136041999543485,0.44701992565580756
23206,22382,199,0.5392953929539296,4.895426289114828,0.44599723507841016
21930,22384,118,0.6243386243386243,5.966401481989012,0.4459684228925551
23173,23171,117,0.5176991150442478,11.590061648602964,0.4456532133242592
21936,85099B,135,0.6308411214953271,4.418105218205411,0.44552211113444184
23203,23202,217,0.49095022624434387,6.1330302557483085,0.4453591628115382
23208,22382,163,0.5780141843971631,5.2468941339924715,0.44525725860376847
23202,23201,174,0.5454545454545454,6.140215716486903,0.44466685043666976
20713,23199,109,0.6022099447513812,7.570367917458215,0.4443445255526818
21907,21181,113,0.6042780748663101,7.061724716546176,0.44313142849282644
23171,23245,111,0.6235955056179775,6.105720122574055,0.4423658586749429
22382,22662,211,0.4806378132118451,6.767991822081989,0.4423524053731539
23209,20728,217,0.514218009478673,4.584247802623069,0.44221593673509674
22662,20726,157,0.5547703180212014,6.521415095322973,0.4418868867902176
20724,20723,154,0.5049180327868853,9.315270188221008,0.4416628506948387
21181,21175,177,0.5190615835777126,6.988041927558057,0.44151397766530526
22385,22386,122,0.5922330097087378,6.860606231655001,0.4410531926985854
21232,21231,147,0.49830508474576274,10.029019003595275,0.4406060784730399
23205,22355,103,0.5628415300546448,9.626281104153474,0.4403672357882512
23204,23206,111,0.6098901098901099,6.5864826230679885,0.4401001730399607
21976,21977,102,0.6219512195121951,6.556813782423538,0.43998446172935035
23319,23318,101,0.517948717948718,12.07032538611486,0.43993681547975083
21559,22352,110,0.5116279069767442,11.785186180938299,0.43991905508742546
82483,82482,129,0.591743119266055,6.288256880733945,0.4399076547956604
20724,85099B,175,0.5737704918032787,4.0184102106082,0.43923189057821826
22727,22730,165,0.4824561403508772,9.470875464523377,0.4390826767138892
21928,22386,136,0.5738396624472574,6.647532136198607,0.43894407493947296
22662,22384,160,0.5653710247349824,5.402886171628069,0.43846961997299994
22411,23203,179,0.549079754601227,4.95041362462871,0.43838474065289224
22662,20727,160,0.5653710247349824,5.364294127545011,0.43810140868786984
22356,20723,110,0.541871921182266,9.997035212552454,0.4379801010071269
22112,22835,155,0.5149501661129569,8.274501661129568,0.43740028678531795
22385,22382,125,0.6067961165048543,5.508160647544066,0.4373852992289363
21931,22383,166,0.5551839464882943,5.3961171384289095,0.4372202914866473
22383,23206,206,0.5024390243902439,5.426069138740168,0.4371922379587663
22865,22867,137,0.528957528957529,8.746455406206444,0.4371805506880404
22385,23203,125,0.6067961165048543,5.470774941791504,0.43702859776137426
21929,22386,156,0.5492957746478874,6.363208319685556,0.43698867963222254
21930,23201,113,0.5978835978835979,6.7304128179834395,0.4367731037504772
23174,23245,109,0.615819209039548,6.029581199072725,0.43644832825982016
22384,23209,211,0.5059952038369304,4.778177458033573,0.4360460450462564
22150,22147,129,0.5560344827586207,7.720548480115343,0.435719001137325
23208,23202,153,0.5425531914893617,6.7776629093577005,0.4356173512198443
23344,23203,152,0.5735849056603773,5.171348074788696,0.43515570151587235
21975,84991,150,0.5617977528089888,5.90702914233198,0.4349784141070968
23205,20724,107,0.5846994535519126,7.639433843948759,0.4349453145804917
20725,20726,232,0.4630738522954092,5.443508263708571,0.43461415142715043
23206,20727,193,0.5230352303523035,4.962608078461737,0.43459934843625514
23206,20726,188,0.5094850948509485,5.989079949796548,0.43436064197204605
23175,23245,115,0.6052631578947368,5.926225268330532,0.4340929662409059
23209,22384,211,0.5,4.778177458033573,0.43304844312779117
23170,23245,124,0.5933014354066986,5.809106191881312,0.4328578501334811
20724,22356,149,0.4885245901639344,9.59000242267625,0.4328300533357809
22866,22867,125,0.5341880341880342,8.832943220910026,0.43280340425906283
23173,23245,132,0.584070796460177,5.718727577134657,0.43259194392604394
21908,85152,111,0.5522388059701493,8.802686567164178,0.43241958664348795
47591D,22367,115,0.5450236966824644,8.90130914458861,0.4323588649393266
22189,85123A,150,0.6097560975609756,3.1112394990787298,0.4322826247920196
22385,23199,118,0.5728155339805825,7.200851428746439,0.4319849115576619
21929,23203,159,0.5598591549295775,5.047598942068702,0.43167238153510556
22413,21175,116,0.5658536585365853,7.617996044825313,0.43118106866265893
21928,23203,138,0.5822784810126582,5.249727934016839,0.43112979958363656
22191,22192,109,0.49099099099099097,12.0036754545957,0.4310337634571471
85099F,23203,162,0.5547945205479452,5.001937023492221,0.43065879593942463
84997D,84997A,101,0.4590909090909091,14.18199436222692,0.43065559604493847
84987,84991,109,0.5989010989010989,6.2971527153585205,0.4305422048690462
22384,85099B,214,0.513189448441247,3.5941299684329864,0.43030042674015456
22726,22729,133,0.48188405797101447,10.727977491701077,0.4299438900255608
21212,21977,257,0.4363327674023769,4.5999631695726775,0.42948188980500046
23207,23201,176,0.5176470588235295,5.8271851113326685,0.4290793764621824
23206,23199,184,0.4986449864498645,6.268455113573218,0.42900027626314124
23205,23201,108,0.5901639344262295,6.643512086690747,0.4288268128129334
22355,22356,119,0.5107296137339056,10.025899067633565,0.4285475329415449
22356,20719,108,0.5320197044334976,9.636811464397672,0.4283141233881303
22979,22980,105,0.5097087378640777,10.979401731828917,0.4280140562218836
20728,23209,217,0.4854586129753915,4.584247802623069,0.427836238483456
21977,84991,191,0.5052910052910053,5.3128882746296995,0.4277663693452265
23356,23355,120,0.5660377358490566,6.9404934687953554,0.4274148378089573
21485,22111,158,0.5337837837837838,6.025859428833933,0.4273169298834259
84991,21977,191,0.503957783641161,5.3128882746296995,0.42709975852030424
22749,22751,109,0.4658119658119658,12.890699192782526,0.42690744991134766
20725,23206,230,0.4590818363273453,4.957835007491791,0.42668134551333375
22555,22554,134,0.5403225806451613,7.249782773976323,0.4266287474464513
21498,21499,100,0.4878048780487805,12.303179993825255,0.4264351232540847
22296,85123A,111,0.6453488372093024,3.292849060536581,0.42640458693019
22386,23203,181,0.5261627906976745,4.7437980111543725,0.4262578461413601
20728,23206,213,0.47651006711409394,5.146050453793128,0.426116328311124
20724,20719,149,0.4885245901639344,8.848956780923993,0.42575964868184757
23203,23201,210,0.4751131221719457,5.348377943093795,0.4253938890987235
22382,23207,208,0.47380410022779046,5.553262762963955,0.4253912769786562
22867,22866,125,0.5186721991701245,8.832943220910026,0.425045486750108
20723,23204,108,0.5,10.947802197802197,0.4248125897694222
22417,21975,128,0.5311203319502075,7.927020684725006,0.42458043580987603
23206,23208,179,0.48509485094850946,6.854975110034788,0.4245639366055769
20728,23207,210,0.4697986577181208,5.506316620607975,0.4242435685890054
22385,20725,123,0.5970873786407767,4.749287832102785,0.42398750286123515
21931,23201,158,0.5284280936454849,5.948547890331236,0.4239014462251881
20724,22355,150,0.4918032786885246,8.411313586153522,0.4238748529404314
21908,21175,112,0.5572139303482587,7.501680785262875,0.4231455636430698
85099B,20725,254,0.44639718804920914,3.550684220311574,0.42254840741299887
22150,22149,128,0.5517241379310345,6.622351474864977,0.4224343346106613
23344,23343,129,0.4867924528301887,9.948040638606676,0.42235075393348165
20719,23204,109,0.4954545454545455,10.848276723276724,0.4222417438985543
22386,85099F,170,0.4941860465116279,6.744285600509716,0.42219024042206477
84970S,84970L,128,0.5019607843137255,9.175751034358697,0.4219149468590029
20712,22386,124,0.5585585585585585,6.470511208883302,0.4217969556852018
20723,22356,110,0.5092592592592593,9.997035212552454,0.42167377004562356
85099C,22386,148,0.5323741007194245,6.1671825330433325,0.42144581092579586
21908,21166,109,0.5422885572139303,8.279769733706944,0.4211523189330793
21908,21181,114,0.5671641791044776,6.628003676631505,0.4210877623544227
22726,22730,134,0.4855072463768116,9.530770329121154,0.42098425401818373
23207,23208,167,0.49117647058823527,6.940915727993325,0.42060712651194754
22411,21929,162,0.49693251533742333,6.972803076125464,0.4205320608795031
23201,23199,175,0.4943502824858757,6.214466484877649,0.42047462016759274
20728,20726,208,0.465324384787472,5.46996363828341,0.4203566523971506
23343,85099B,118,0.6051282051282051,4.238024424316164,0.4198725620996187
22629,22382,157,0.5413793103448276,4.914342942424004,0.41985811629628783
20727,23207,199,0.4738095238095238,5.5533263305322125,0.41953140309284587
23173,22698,122,0.5398230088495575,7.316988742399615,0.419202592114479
85049E,22077,119,0.5666666666666667,6.103153153153153,0.4190886738229327
47566,23298,282,0.4116788321167883,3.0837220789199273,0.4189749304315801
85099C,22411,146,0.5251798561151079,6.41975989760339,0.41895562772004635
23201,23207,176,0.4971751412429379,5.8271851113326685,0.4188434176718866
21080,21212,204,0.5062034739454094,3.4248231641298075,0.4186774051440607
20726,23209,175,0.5162241887905604,4.874771071872947,0.41862937995791244
23344,85099B,150,0.5660377358490566,3.964253738767119,0.4185621543073984
22383,20726,195,0.47560975609756095,5.5908698467515645,0.4181838632006875
23204,85099B,111,0.6098901098901099,4.271374495451824,0.4180114508916852
22352,20725,105,0.6069364161849711,4.827627981032156,0.41793308995208756
23201,23202,174,0.4915254237288136,6.140215716486903,0.41770228957380384
21212,84991,250,0.4244482173174873,4.462865820607353,0.4176712920548881
22384,23206,199,0.47721822541966424,5.153698179667648,0.4174228541539349
22699,23170,177,0.4425,8.43714114832536,0.4170592139876156
23203,23199,203,0.4592760180995475,5.7735486817876875,0.41697168109028715
82483,82494L,121,0.555045871559633,6.337701427407271,0.41681906086189885
23322,22469,148,0.556390977443609,4.399242153001551,0.41658611973332155
82600,85152,110,0.5288461538461539,8.429807692307692,0.416514113065076
22662,23207,148,0.5229681978798587,6.129494907503638,0.4163832773858328
23209,23208,193,0.45734597156398105,6.462849988235689,0.41606870563515963
23209,23207,198,0.46919431279620855,5.49923334262615,0.41605622415335264
20727,20726,197,0.46904761904761905,5.513730861075993,0.41546973402977716
82600,21175,113,0.5432692307692307,7.313945556133056,0.41503347548959046
22633,22866,109,0.5190476190476191,8.83933658933659,0.4148707438091076
22720,22722,249,0.4184873949579832,4.544066127813523,0.41481415687115025
23308,21212,110,0.6077348066298343,4.111754167096587,0.4147593769155129
23200,22386,127,0.5427350427350427,6.287206817730073,0.4140906661579834
22383,23207,193,0.47073170731707314,5.517252510760402,0.41373951545104437
22423,22699,298,0.3683559950556242,3.6697466007416564,0.4133282943705676
21121,21212,125,0.5868544600938967,3.9704839108220344,0.4127433142916579
23199,22386,160,0.5047318611987381,5.8469664734795685,0.41238706121132396
22551,22556,144,0.4897959183673469,7.7147697023473425,0.4123165699060011
23208,22384,150,0.5319148936170213,5.083167508546355,0.41217642262191384
21933,20725,108,0.5934065934065934,4.720010528393762,0.4120957850347116
23204,20725,108,0.5934065934065934,4.720010528393762,0.4120957850347116
22554,22556,145,0.4882154882154882,7.689876365765694,0.4119403103414329
20723,20725,124,0.5740740740740741,4.566237894581208,0.41138581513871225
22417,22951,118,0.4896265560165975,9.380585700606447,0.4111875266564046
21175,85152,144,0.4864864864864865,7.754594594594595,0.41104182800174704
22114,22112,120,0.5309734513274337,7.029665128039279,0.41073349296060535
22147,22149,147,0.5121951219512195,6.147884219806054,0.41052072824051145
20713,22386,102,0.56353591160221,6.528170371322112,0.4105035175804134
22385,23201,114,0.5533980582524272,6.229636333717295,0.41040383170310935
22727,22729,150,0.43859649122807015,9.764285014211506,0.41018032061172366
22355,23204,111,0.47639484978540775,10.430953167004668,0.4100330939473124
22386,22384,173,0.502906976744186,4.805957559533768,0.41001128442845464
85099C,21931,141,0.5071942446043165,6.759762758355189,0.4099495007299042
23208,23203,150,0.5319148936170213,4.795658034081063,0.4094332605118141
21931,22386,152,0.5083612040133779,5.889009877887532,0.40939114735898813
22553,22554,124,0.5232067510548524,7.020130986375712,0.4093650396363023
21907,21175,102,0.5454545454545454,7.343366093366093,0.4092407139005918
22555,22556,125,0.5040322580645161,7.939006120107102,0.40919635593816595
22964,84380,101,0.5401069518716578,7.686879297173415,0.4091929516674149
20712,20726,120,0.5405405405405406,6.354141752371841,0.40907178865122684
23243,22722,130,0.5371900826446281,5.832976782939626,0.40893872069065695
22384,23207,193,0.4628297362110312,5.424636761179292,0.40890487200980286
20719,22356,108,0.4909090909090909,9.636811464397672,0.407758816625927
22413,21181,112,0.5463414634146342,6.384664902367499,0.4070517487103359
22379,85099B,102,0.6,4.202108963093146,0.40654233307724297
22356,85099B,118,0.5812807881773399,4.071008683456414,0.40635533656542216
23344,23201,138,0.5207547169811321,5.8621682123441,0.4062112831450627
22138,22617,199,0.4216101694915254,6.829741973267191,0.4056101594773014
21930,23203,108,0.5714285714285714,5.151906916612799,0.40522754888226825
22662,23209,148,0.5229681978798587,4.938455612680656,0.40501942973776967
22555,22551,127,0.5120967741935484,6.941175663813913,0.4050111264713771
21930,20728,108,0.5714285714285714,5.094279322467242,0.40467771714872175
22726,22725,119,0.4311594202898551,11.688233264320221,0.4046229646113392
20713,23203,104,0.574585635359116,5.180370490737731,0.40447179200330874
22556,22555,125,0.49407114624505927,7.939006120107102,0.4042158000284375
23202,23208,153,0.47962382445141066,6.7776629093577005,0.40415266770086883
21928,85099F,122,0.5147679324894515,7.025171955378302,0.40389079524265015
22989,22720,127,0.5695067264573991,3.814259336021404,0.4038818218102776
22720,22666,246,0.4134453781512605,3.8494855886279744,0.4037116754927517
23208,20726,143,0.5070921985815603,5.960951065921881,0.4035798518968558
21975,21977,139,0.5205992509363296,5.488328081961041,0.4032181627489681
22728,22729,117,0.4588235294117647,10.214590864278673,0.4030918900708911
22382,23206,199,0.4533029612756264,4.895426289114828,0.4030010192392586
20727,23206,193,0.4595238095238095,4.962608078461737,0.4028436380220082
22384,20726,190,0.4556354916067146,5.3560691269992855,0.4026991403561051
21733,22804,150,0.45871559633027525,7.879231255931667,0.40225435092975437
23343,23203,110,0.5641025641025641,5.085856827938276,0.4022372850592141
82486,82482,117,0.5416666666666666,5.756111111111111,0.40197457280499244
23200,23206,124,0.5299145299145299,5.722789706529544,0.400340841528814
22633,22865,107,0.5095238095238095,7.839584482441626,0.39926715362664345
22413,21166,105,0.5121951219512195,7.820297168488926,0.399115855686604
22728,22725,110,0.43137254901960786,11.694010937708416,0.39892146226315706
20724,20725,157,0.5147540983606558,4.094401361212002,0.3987223501031021
21975,22417,128,0.4794007490636704,7.927020684725006,0.39872064436660754
22385,23202,109,0.529126213592233,6.609930912743099,0.3986390162171165
23202,23200,146,0.45768025078369906,7.794255552876242,0.3983200516691464
20712,23203,121,0.545045045045045,4.914037340507929,0.3982352991325063
21181,85152,155,0.45454545454545453,7.245454545454545,0.39737967001216107
85099C,23203,144,0.5179856115107914,4.670073895634624,0.397361611460734
23236,23245,102,0.5573770491803278,5.457364965561687,0.39720740456503834
21181,21166,156,0.4574780058651026,6.9848653385917014,0.39701109883669394
85099B,23199,228,0.4007029876977153,5.03722841001702,0.39694649150390104
22411,21928,148,0.4539877300613497,7.633506769175015,0.3962429996293294
22355,22383,124,0.5321888412017167,5.172615932167905,0.3962287237193978
22951,84991,112,0.5384615384615384,5.661660239496651,0.3962135127062763
20726,22662,157,0.4631268436578171,6.521415095322973,0.39606514960852546
22114,23355,117,0.5176991150442478,6.347787610619469,0.39563605288632825
22367,47591D,115,0.4713114754098361,8.90130914458861,0.3955027543030124
82600,21166,105,0.5048076923076923,7.70750442086649,0.3943459718372029
22697,23171,150,0.4155124653739612,9.302343677051885,0.3942308704148479
22417,21977,125,0.5186721991701245,5.468012470087159,0.39294028202273834
84992,21977,142,0.5,5.271164021164021,0.39280094652790015
22386,23199,160,0.46511627906976744,5.8469664734795685,0.3925792701468386
85099B,85099F,223,0.39191564147627417,5.348574764667646,0.39226608202353885
82486,82494L,113,0.5231481481481481,5.973482436591319,0.392183416037598
21931,85099C,141,0.47157190635451507,6.759762758355189,0.39213833160500355
21931,23203,150,0.5016722408026756,4.522995202711906,0.39171042558310326
23343,23201,104,0.5333333333333333,6.003766478342749,0.3917017600939946
22698,23172,121,0.41156462585034015,11.157041047711601,0.3910603308360298
22698,23171,127,0.43197278911564624,9.67085148666208,0.3909932957953294
22423,22697,279,0.34487021013597036,3.806946779478786,0.3905165949803122
22355,20725,125,0.5364806866952789,4.267216639682009,0.3903875898702148
21930,22383,103,0.544973544973545,5.296877016389211,0.39012588363823764
22699,23173,168,0.42,7.40575221238938,0.3901054172300082
20725,23207,208,0.4151696606786427,4.8660326406011505,0.3895171128248027
22951,21977,110,0.5288461538461539,5.575269637769638,0.3892786257907538
22386,21929,156,0.45348837209302323,6.363208319685556,0.3890849783547905
22866,22633,109,0.4658119658119658,8.83933658933659,0.38825291719128097
22908,21080,104,0.538860103626943,5.328430553234163,0.38802168481295657
22417,84991,123,0.5103734439834025,5.366327636606488,0.38651778573633994
20712,23199,112,0.5045045045045045,6.3421149856481085,0.3857272954363226
21174,21175,105,0.5048076923076923,6.796144100831601,0.3856505745699734
21932,20725,110,0.5445544554455446,4.331436137625738,0.38526521314679874
48184,20685,105,0.5048076923076923,6.727955364033959,0.38499997771758543
22367,22899,104,0.4262295081967213,10.887978142076502,0.3847506922407344
21790,21791,159,0.43561643835616437,6.600500026043023,0.38436743728906175
22111,21485,158,0.4475920679886686,6.025859428833933,0.3842210719858683
20723,20728,114,0.5277777777777778,4.705132985334328,0.3830482235997887
23201,21931,158,0.4463276836158192,5.948547890331236,0.38285124121035524
22147,22150,129,0.44947735191637633,7.720548480115343,0.38244043571620284
22385,85099F,103,0.5,6.823630136986301,0.38220604436188366
22554,22555,134,0.4511784511784512,7.249782773976323,0.38205668271309623
85123A,21733,265,0.3393085787451985,4.134999040671608,0.381745243775231
21930,20725,103,0.544973544973545,4.334769614210732,0.3809463024212678
22411,85099C,146,0.44785276073619634,6.41975989760339,0.38029208003059056
22698,23170,128,0.43537414965986393,8.301272662174918,0.3802781273183188
22355,23205,103,0.44206008583690987,9.626281104153474,0.37997651367938373
20712,20725,117,0.527027027027027,4.1920213626800455,0.3797315865654537
20712,23201,112,0.5045045045045045,5.679238560594492,0.37940271258121067
21936,22384,111,0.5186915887850467,4.95680091440866,0.3789519253695924
84991,84992,163,0.43007915567282323,6.034737448437326,0.37880665105971245
85152,21908,111,0.444,8.802686567164178,0.3783001836584133
22383,22662,172,0.4195121951219512,5.9072653624062745,0.37817013662442084
22367,21156,105,0.430327868852459,9.91246564957832,0.3781438575877051
22456,22457,105,0.5412371134020618,4.092656350867584,0.3780709867740778
20719,20726,110,0.5,5.877581120943953,0.3777399387043393
23240,23236,116,0.4264705882352941,9.286804885888781,0.37741183725632815
23236,22720,101,0.5519125683060109,3.696422831427653,0.37702233987227934
20718,85099B,115,0.5324074074074074,3.7287232311397513,0.37669846255308403
22083,22086,125,0.5040322580645161,4.503516924634746,0.37641794469379364
22386,21931,152,0.4418604651162791,5.889009877887532,0.3761407779104387
22697,23170,148,0.4099722991689751,7.816935943485003,0.37598540376368755
20725,22662,196,0.3912175648702595,5.5088409752932295,0.3758565861608918
22149,22147,147,0.4427710843373494,6.147884219806054,0.3758087094335764
22385,22411,103,0.5,6.111963190184049,0.37541594533259426
22488,22457,100,0.5405405405405406,4.0873890968767626,0.37441511585594855
22385,22383,106,0.5145631067961165,5.0013023916646935,0.3740549492751676
21174,21181,104,0.5,5.843108504398827,0.3735022365792954
20723,85099B,114,0.5277777777777778,3.696299550868971,0.37342282374827457
23319,22086,102,0.5230769230769231,4.673680579510176,0.3725801155259441
23207,22662,148,0.43529411764705883,6.129494907503638,0.37254623726943287
85152,82600,110,0.44,8.429807692307692,0.3720910361419991
22383,23208,169,0.4121951219512195,5.824814046012801,0.3717705248233296
22629,22631,115,0.39655172413793105,10.195216907675194,0.3704682066123881
22386,85099C,148,0.43023255813953487,6.1671825330433325,0.37037503963585106
23203,22386,181,0.4095022624434389,4.7437980111543725,0.36792758201424236
23209,20726,175,0.4146919431279621,4.874771071872947,0.3678632571266133
22727,22725,128,0.3742690058479532,10.14599992043601,0.3673263177098189
22630,22631,106,0.4,10.283870967741935,0.36717501129812674
22355,85099B,119,0.5107296137339056,3.576902479313908,0.3670168890483594
22952,22950,100,0.4048582995951417,10.408776283139611,0.36688710278562586
85099B,85099C,207,0.36379613356766255,5.2148474541983285,0.3665069671174871
23203,22411,179,0.40497737556561086,4.95041362462871,0.36633355113508415
22385,22384,104,0.5048543689320388,4.824567530441666,0.36621140040429195
22384,22386,173,0.4148681055155875,4.805957559533768,0.36599184881415536
22551,22555,127,0.43197278911564624,6.941175663813913,0.36494913393242606
85099B,23201,212,0.37258347978910367,4.194195386891463,0.36441980638453886
23198,22720,105,0.5223880597014925,3.498683055311677,0.3629792900268347
21559,20725,109,0.5069767441860465,4.032539572018753,0.36297308401723394
22356,20725,104,0.5123152709359606,4.075002703951703,0.3627901641969364
22470,23322,170,0.391705069124424,5.868213159627179,0.36259104031555717
22383,21931,166,0.40487804878048783,5.3961171384289095,0.3620673426327441
85099B,22384,214,0.37609841827768015,3.5941299684329864,0.36175491165837115
20718,20725,109,0.5046296296296297,4.013870407333481,0.3616214020170938
20726,23208,143,0.4218289085545723,5.960951065921881,0.3609482068833618
21122,21212,103,0.5202020202020202,3.5195331927080655,0.36078227232311616
20719,20725,110,0.5,3.9770459081836327,0.35960670607174383
85099B,21931,205,0.3602811950790861,4.801741011338321,0.35950506854525316
21166,21908,109,0.41762452107279696,8.279769733706944,0.35882030086251265
22697,23173,143,0.3961218836565097,6.984715514916775,0.3578625528722928
22423,23245,258,0.3189122373300371,3.1225190804918865,0.3573266206940321
23203,23200,166,0.3755656108597285,6.395850253316317,0.3569496962918283
20727,23208,165,0.39285714285714285,5.551545086119554,0.35688838041819193
22698,23173,122,0.41496598639455784,7.316988742399615,0.3567740808869792
22554,22553,124,0.4175084175084175,7.020130986375712,0.35651587286308484
21931,22385,121,0.40468227424749165,7.828441081923564,0.3558605866506923
22699,23171,146,0.365,8.171488764044943,0.3555791532365954
85099F,21928,122,0.4178082191780822,7.025171955378302,0.3554109385869655
21931,20713,117,0.391304347826087,8.615181359596445,0.35407214286081634
22667,21212,105,0.5048076923076923,3.415379717905185,0.35339429927446864
22699,23175,147,0.3675,7.707828947368421,0.3530567855472463
84991,21975,150,0.39577836411609496,5.90702914233198,0.35196871976064986
20724,23204,118,0.38688524590163936,8.471086290758421,0.35113922949724125
22865,22633,107,0.41312741312741313,7.839584482441626,0.3510689554284453
23201,23200,139,0.3926553672316384,6.686887343667005,0.3506818174436079
85099B,22411,202,0.35500878734622143,4.339601280903964,0.3505051371210192
21080,21094,143,0.3548387096774194,8.317836812144213,0.34994043482380593
22386,21928,136,0.3953488372093023,6.647532136198607,0.3496986623204954
22698,23175,115,0.391156462585034,8.203992123165056,0.34877206320703114
20728,22662,168,0.37583892617449666,5.292290179524272,0.3478600875553062
22384,22662,160,0.38369304556354916,5.402886171628069,0.3476306303872833
21931,21930,116,0.3879598662207358,8.180000353913398,0.34759632249742706
20727,22662,160,0.38095238095238093,5.364294127545011,0.34589208679656913
22112,22114,120,0.39867109634551495,7.029665128039279,0.344582315469646
85099B,23202,198,0.34797891036906853,4.347009272165323,0.34445501596645134
21175,22413,116,0.3918918918918919,7.617996044825313,0.3442001853403122
21166,22413,105,0.40229885057471265,7.820297168488926,0.3441677199983506
22697,23172,125,0.3462603878116344,9.386718676390224,0.3441232185920322
21166,82600,105,0.40229885057471265,7.70750442086649,0.343091550970713
22423,22698,240,0.29666254635352285,4.021089276254383,0.34304875601044915
22382,23208,163,0.3712984054669704,5.2468941339924715,0.34189936913867214
20725,23208,178,0.35528942115768464,5.020667884089976,0.34150841238299856
23201,23344,138,0.3898305084745763,5.8621682123441,0.34074917889178485
22720,23243,194,0.32605042016806723,5.369053406486562,0.3406363523847082
20728,23208,164,0.3668903803131991,5.184603423929427,0.33975249928239626
21181,82600,128,0.375366568914956,7.191518159260094,0.339686037170457
22697,23174,129,0.3573407202216066,8.045213390300015,0.33946978641269054
22697,23175,131,0.3628808864265928,7.610949117947222,0.33939943401040384
22149,22150,128,0.3855421686746988,6.622351474864977,0.3393433499824935
85099B,21929,192,0.3374340949033392,4.734770662640164,0.33897349101624674
21212,21080,204,0.3463497453310696,3.4248231641298075,0.3387505408368908
23203,85099F,162,0.3665158371040724,5.001937023492221,0.3365194542174882
22624,22627,119,0.35311572700296734,8.632921301268864,0.3364500229399343
22698,23174,109,0.3707482993197279,8.347073292593874,0.336024341250582
23307,23308,119,0.363914373088685,8.012147937891767,0.3359264734494889
21754,21756,116,0.34523809523809523,9.111084831283506,0.3351190248056873
21175,82600,113,0.38175675675675674,7.313945556133056,0.3342772384833535
22699,23174,137,0.3425,7.711087570621469,0.33407321847903054
21175,21908,112,0.3783783783783784,7.501680785262875,0.33372778765812966
22469,23321,175,0.3472222222222222,4.82118660472319,0.33361714089600425
21181,85150,120,0.3519061583577713,8.200854041261511,0.3323742992707478
23199,22385,118,0.3722397476340694,7.200851428746439,0.3316970183844054
23203,21929,159,0.3597285067873303,5.047598942068702,0.331607057463982
21977,84992,142,0.37566137566137564,5.271164021164021,0.33063163435858794
23355,23356,120,0.36923076923076925,6.9404934687953554,0.32901135449981367
22386,21930,122,0.3546511627906977,7.47769779746524,0.32815001330414256
22382,22629,157,0.357630979498861,4.914342942424004,0.32798395087330456
22386,23200,127,0.3691860465116279,6.287206817730073,0.32731616804627606
21977,21975,139,0.36772486772486773,5.488328081961041,0.3267809711432371
22384,23208,150,0.3597122302158273,5.083167508546355,0.32607509092131687
21212,23307,191,0.3242784380305603,3.9518335643785405,0.32427410075615193
21212,21975,186,0.3157894736842105,4.713187463039621,0.3240364577425743
22386,20712,124,0.36046511627906974,6.470511208883302,0.3227502345454575
22386,22385,122,0.3546511627906977,6.860606231655001,0.3222622692395653
22699,23172,126,0.315,8.539285714285715,0.3210590317465338
23199,23204,111,0.3501577287066246,7.666915103823621,0.32054251732082334
23203,23344,152,0.3438914027149321,5.171348074788696,0.32030895004314974
23307,23306,112,0.3425076452599388,7.935424223028234,0.31993081885500174
20724,22661,103,0.3377049180327869,8.79577842065788,0.3198750048425415
84380,22964,101,0.3607142857142857,7.686879297173415,0.31949661858872885
23209,22662,148,0.35071090047393366,4.938455612680656,0.31889078103480717
84879,21136,179,0.2998324958123953,5.455856145262079,0.31858359849655216
85123A,22804,212,0.2714468629961588,4.6625678837917786,0.31832029571829507
20724,23205,107,0.35081967213114756,7.639433843948759,0.31800542387010916
21080,21086,128,0.3176178660049628,7.910669975186104,0.3176731987717745
22722,23243,130,0.3542234332425068,5.832976782939626,0.3174553959895963
21212,21213,182,0.3089983022071307,4.5946202772217015,0.31690374518222114
23355,22114,117,0.36,6.347787610619469,0.31678649536420433
21212,84992,183,0.31069609507640067,4.3595913340825945,0.31616166829947767
82482,82483,129,0.344,6.288256880733945,0.31603609516263287
20726,20712,120,0.35398230088495575,6.354141752371841,0.3157926688234345
23199,20713,109,0.3438485804416404,7.570367917458215,0.3151638433978114
23203,23208,150,0.3393665158371041,4.795658034081063,0.3131590716218555
21755,21756,103,0.326984126984127,8.629349311468516,0.31292668938202517
82494L,82483,121,0.3467048710601719,6.337701427407271,0.3126485606121683
21175,21174,105,0.3547297297297297,6.796144100831601,0.3106115932809922
23203,21931,150,0.3393665158371041,4.522995202711906,0.3105575631003175
23199,20712,112,0.35331230283911674,6.3421149856481085,0.3101311946036287
85099B,21928,171,0.30052724077328646,5.0531690062512515,0.30987715867872223
21175,21907,102,0.34459459459459457,7.343366093366093,0.3088107384706164
85099F,22385,103,0.3527397260273973,6.823630136986301,0.30857590737558227
20685,48184,105,0.3511705685618729,6.727955364033959,0.30818141584467573
21181,21907,113,0.3313782991202346,7.061724716546176,0.3066815406197887
85099B,20724,175,0.30755711775043937,4.0184102106082,0.3061252035517986
85099B,23200,168,0.29525483304042177,5.028164571222567,0.30504798712796455
23202,22385,109,0.34169278996865204,6.609930912743099,0.3049223044053261
21181,21908,114,0.3343108504398827,6.628003676631505,0.3046610980221252
20727,21930,131,0.3119047619047619,6.576404635928445,0.3040406597335989
23206,23200,124,0.33604336043360433,5.722789706529544,0.30340525678835123
23245,23173,132,0.32432432432432434,5.718727577134657,0.3027187078581176
85099B,22385,163,0.28646748681898065,5.541616189192418,0.3022958880158784
23203,85099C,144,0.3257918552036199,4.670073895634624,0.30126473330714826
20725,21936,150,0.2994011976047904,5.575298002126588,0.3006150502196013
21977,22417,125,0.3306878306878307,5.468012470087159,0.29894809778159137
21181,22413,112,0.3284457478005865,6.384664902367499,0.298103890903312
20725,20724,157,0.313373253493014,4.094401361212002,0.29803192766928116
23201,20713,112,0.3163841807909605,6.965695914099323,0.2976167934253331
23201,21930,113,0.3192090395480226,6.7304128179834395,0.2974358245826895
22077,85049E,119,0.3216216216216216,6.103153153153153,0.2965661513004102
23203,21928,138,0.31221719457013575,5.249727934016839,0.2960991563623753
23201,22385,114,0.3220338983050847,6.229636333717295,0.29472175172943815
84991,22417,123,0.3245382585751979,5.366327636606488,0.2936001930322377
82494L,82486,113,0.3237822349570201,5.973482436591319,0.29250045944203396
20726,20719,110,0.32448377581120946,5.877581120943953,0.289981826609944
22666,22667,129,0.3014018691588785,5.774454079798706,0.28983477607474545
85099B,20712,158,0.27768014059753954,4.984483604870248,0.2893292176279739
23245,23170,124,0.3046683046683047,5.809106191881312,0.2885412847642842
21181,21169,102,0.2991202346041056,7.544266676565574,0.28799037484726603
82482,82486,117,0.312,5.756111111111111,0.28714123947165915
23201,23205,108,0.3050847457627119,6.643512086690747,0.28628721848117455
23206,23204,111,0.3008130081300813,6.5864826230679885,0.2855616221599464
23201,20712,112,0.3163841807909605,5.679238560594492,0.28534255072443865
22469,23322,148,0.29365079365079366,4.399242153001551,0.2852160278369139
22423,23173,192,0.2373300370828183,4.184779636172703,0.28367393227238247
22411,22385,103,0.3159509202453988,6.111963190184049,0.2833914054552936
21212,22417,160,0.27164685908319186,4.491754080690952,0.2829143174408569
22383,22355,124,0.3024390243902439,5.172615932167905,0.28135381531366144
22386,20713,102,0.29651162790697677,6.528170371322112,0.27699137573279686
85099B,21930,147,0.2583479789103691,5.447178285491115,0.2769116380153216
22382,22385,125,0.2847380410022779,5.508160647544066,0.2763562614776481
21181,21174,104,0.30498533724340177,5.843108504398827,0.2759949052009963
22384,21930,118,0.2829736211031175,5.966401481989012,0.2752859212748017
23203,22385,125,0.2828054298642534,5.470774941791504,0.27503325444107374
84991,84987,109,0.287598944591029,6.2971527153585205,0.27489112771401125
84991,22951,112,0.2955145118733509,5.661660239496651,0.2747399994121826
23245,23175,115,0.28255528255528256,5.926225268330532,0.27273902857117877
23201,23343,104,0.2937853107344633,6.003766478342749,0.27192774879455955
21977,22951,110,0.291005291005291,5.575269637769638,0.2703581943703224
85099B,23344,150,0.26362038664323373,3.964253738767119,0.267353479704487
23245,23171,111,0.2727272727272727,6.105720122574055,0.26693174222959043
22086,22083,125,0.2802690582959641,4.503516924634746,0.2645363448095176
21977,21976,102,0.2698412698412698,6.556813782423538,0.2639294868938877
23203,20712,121,0.2737556561085973,4.914037340507929,0.26259060466428247
23245,23174,109,0.2678132678132678,6.029581199072725,0.2624453576466801
85099B,20713,137,0.24077328646748683,5.301003019739972,0.26021495820773166
21212,21210,144,0.24448217317487267,4.5739974652669835,0.25969321563734166
21212,22951,143,0.2427843803056027,4.651421901528013,0.25893156916469673
22384,21936,111,0.26618705035971224,4.95680091440866,0.25269965615692513
22470,22694,106,0.24423963133640553,6.121351766513057,0.24957973591894905
22423,23170,167,0.20642768850432633,3.9359537736351218,0.24956203586672937
85099B,21936,135,0.23725834797891038,4.418105218205411,0.2487307243762335
20725,22385,123,0.24550898203592814,4.749287832102785,0.24819830455881092
20725,20723,124,0.24750499001996007,4.566237894581208,0.24810127311165525
21080,22908,104,0.25806451612903225,5.328430553234163,0.24762389106400118
20725,22355,125,0.249500998003992,4.267216639682009,0.24689774552457136
20728,20723,114,0.2550335570469799,4.705132985334328,0.24667611323438976
22383,22385,106,0.25853658536585367,5.0013023916646935,0.24604168856003616
23203,23343,110,0.248868778280543,5.085856827938276,0.24462039214820352
23245,23236,102,0.25061425061425063,5.457364965561687,0.2438260052819997
22383,21930,103,0.25121951219512195,5.296877016389211,0.24324886724902614
23203,22663,104,0.23529411764705882,6.010558069381599,0.24274695162917248
23203,21930,108,0.24434389140271492,5.151906916612799,0.24168520886934003
20728,21930,108,0.24161073825503357,5.094279322467242,0.23976880056195285
22423,23175,158,0.19530284301606923,4.096220154837031,0.23966554155527103
22384,22385,104,0.24940047961630696,4.824567530441666,0.23848445574642602
23203,20713,104,0.23529411764705882,5.180370490737731,0.23482603314728018
20725,20712,117,0.23353293413173654,4.1920213626800455,0.23298454011780848
22423,23174,149,0.1841779975278121,4.146606328521646,0.22872066710791655
47566,47566B,136,0.19854014598540146,4.1861506970996025,0.22780998348858292
21212,21976,120,0.2037351443123939,4.950515549298108,0.22727692589918508
85099B,22663,116,0.2038664323374341,5.20774187733766,0.227190933725817
22720,22989,127,0.2134453781512605,3.814259336021404,0.22585114765720832
21212,21121,125,0.21222410865874364,3.9704839108220344,0.2254281385740813
22086,23319,102,0.22869955156950672,4.673680579510176,0.22539142977223592
85123A,22189,150,0.19206145966709348,3.1112394990787298,0.2234353058450786
20725,23204,108,0.2155688622754491,4.720010528393762,0.22317691946913942
20725,21933,108,0.2155688622754491,4.720010528393762,0.22317691946913942
20725,21932,110,0.21956087824351297,4.331436137625738,0.22276842454578294
85099B,23343,118,0.20738137082601055,4.238024424316164,0.22099914494852144
22423,23171,144,0.17799752781211373,3.9849446535464783,0.2208306699808252
85099B,22356,118,0.20738137082601055,4.071008683456414,0.21940562788975748
20725,20719,110,0.21956087824351297,3.9770459081836327,0.2193871451935003
20725,22352,105,0.20958083832335328,4.827627981032156,0.21925530102127866
20725,21559,109,0.21756487025948104,4.032539572018753,0.21826714705395117
20725,20718,109,0.21756487025948104,4.013870407333481,0.21808902233201954
85099B,22355,119,0.20913884007029876,3.576902479313908,0.216221502216556
85099B,20718,115,0.20210896309314588,3.7287232311397513,0.21154924039595324
20725,21930,103,0.2055888223552894,4.334769614210732,0.21125394111214002
85099B,23204,111,0.19507908611599298,4.271374495451824,0.2106059390046267
20725,22356,104,0.20758483033932135,4.075002703951703,0.21042494389861677
85099B,20723,114,0.20035149384885764,3.696299550868971,0.2097096817838145
22457,22456,105,0.19924098671726756,4.092656350867584,0.20707292343168066
21212,23308,110,0.1867572156196944,4.111754167096587,0.20427058141044294
85099B,20711,101,0.17750439367311072,5.125760933241639,0.203455737479448
22457,22488,100,0.18975332068311196,4.0873890968767626,0.19902150592723422
85099B,22379,102,0.17926186291739896,4.202108963093146,0.19617326453594247
22423,23172,121,0.14956736711990112,4.054598353556503,0.19229645052040112
21212,22667,105,0.17826825127334464,3.415379717905185,0.19012457875729483
22720,23198,105,0.17647058823529413,3.498683055311677,0.19002055429373557
21212,21122,103,0.17487266553480477,3.5195331927080655,0.18811759498950842
22720,23236,101,0.16974789915966387,3.696422831427653,0.18594000529910581
85123A,22296,111,0.14212548015364918,3.292849060536581,0.1747929084023634
